姓名,count
乔仲常,2件 作品
仲殊,1件 作品
佚名北宋人,67件 作品
冯观,1件 作品
刘寀,2件 作品
勾龙爽,1件 作品
吴元瑜,1件 作品
屈鼎,1件 作品
崔慤,5件 作品
崔白,24件 作品
张先,1件 作品
张择端,5件 作品
张敦礼,2件 作品
张浃,1件 作品
张激,1件 作品
徐崇嗣,3件 作品
徐铉,1件 作品
惠崇,9件 作品
戴琓,1件 作品
文同,5件 作品
易元吉,14件 作品
曾巩,1件 作品
李之仪,1件 作品
李从训,2件 作品
李公年,2件 作品
李公麟,71件 作品
李希成,1件 作品
李建中,4件 作品
李成,32件 作品
李用及,1件 作品
杨士贤,6件 作品
杨日严,1件 作品
林逋,2件 作品
梁师闵,1件 作品
欧阳修,3件 作品
武宗元,1件 作品
潘师旦,3件 作品
燕文贵,27件 作品
燕肃,6件 作品
王凝,3件 作品
王居正,2件 作品
王希孟,2件 作品
王晓,1件 作品
王诜,19件 作品
祁序,1件 作品
米芾,76件 作品
翟院深,1件 作品
胡舜臣,1件 作品
苏东坡,1件 作品
苏汉臣,19件 作品
苏轼,58件 作品
范仲淹,2件 作品
范宽,41件 作品
蔡京,1件 作品
蔡肇,3件 作品
蔡襄,11件 作品
许道宁,18件 作品
赵令穰,12件 作品
赵佶,74件 作品
赵光辅,2件 作品
赵宗汉,1件 作品
赵抃,1件 作品
赵昌,20件 作品
郭忠恕,19件 作品
郭思,2件 作品
郭熙,40件 作品
马贲,1件 作品
高克明,4件 作品
黄居寀,2件 作品
黄庭坚,51件 作品
何荃,2件 作品
佚名南宋人,406件 作品
冯大有,1件 作品
刘履中,1件 作品
刘松年,60件 作品
卫昇,2件 作品
叶肖岩,1件 作品
司马伋,1件 作品
吴炳,12件 作品
吴琚,6件 作品
周东卿,1件 作品
周季常,6件 作品
周虎,1件 作品
夏圭,66件 作品
夏森,1件 作品
大慧宗杲,2件 作品
姜夔,1件 作品
安丙,1件 作品
宋汝志,2件 作品
宋高宗,1件 作品
岳飞,2件 作品
常杓,2件 作品
张勘,1件 作品
张即之,11件 作品
张月壶,1件 作品
张茂,2件 作品
张训礼,2件 作品
徐古岩,2件 作品
徐禹功,3件 作品
扬无咎,5件 作品
文天祥,3件 作品
方椿年,2件 作品
日观,1件 作品
朱光普,1件 作品
朱克柔,2件 作品
朱怀瑾,1件 作品
朱惟德,1件 作品
朱淑贞,1件 作品
朱熹,11件 作品
朱绍宗,2件 作品
朱锐,5件 作品
朴庵,2件 作品
李东,1件 作品
李唐,48件 作品
李士忠,1件 作品
李安忠,13件 作品
李嵩,41件 作品
李志,1件 作品
李椿,1件 作品
李氏,2件 作品
李永,2件 作品
李猷,1件 作品
李结,1件 作品
李迪,38件 作品
杨妹子,2件 作品
杨威,1件 作品
杨安道,1件 作品
杨皇后,4件 作品
林庭珪,4件 作品
林椿,14件 作品
梁楷,39件 作品
梵隆,2件 作品
楼钥,1件 作品
毛松,2件 作品
毛益,8件 作品
江参,7件 作品
汤正仲,1件 作品
牟益,1件 作品
牧溪,31件 作品
玉涧,2件 作品
王利用,1件 作品
王友,1件 作品
王岩叟,1件 作品
王洪,14件 作品
米友仁,9件 作品
胡直夫,2件 作品
艳艳女史,1件 作品
范成大,5件 作品
萝窗,1件 作品
萧照,13件 作品
薛绍彭,3件 作品
虚舟普度,1件 作品
许迪,1件 作品
赵伯驹,34件 作品
赵伯骕,11件 作品
赵克夐,1件 作品
赵大亨,3件 作品
赵孟坚,6件 作品
赵惇,1件 作品
赵昀,2件 作品
赵昚,4件 作品
赵构,22件 作品
赵芾,1件 作品
赵黻,1件 作品
金大受,1件 作品
阎次于,3件 作品
阎次平,6件 作品
陆仲渊,1件 作品
陆信忠,2件 作品
陆游,10件 作品
陈可久,1件 作品
陈容,9件 作品
陈居中,14件 作品
陈清波,1件 作品
韩佑,1件 作品
顾德谦,2件 作品
马世昌,1件 作品
马世荣,2件 作品
马公显,1件 作品
马兴祖,2件 作品
马和之,25件 作品
马远,116件 作品
马麟,42件 作品
鲁宗贵,6件 作品
黄庚,1件 作品
龚吉,1件 作品
龚开,6件 作品
佚名宋人,356件 作品
刘永年,1件 作品
厉昭庆,1件 作品
叶肖严,1件 作品
叶肖岩,4件 作品
司马光,1件 作品
吴俊臣,1件 作品
吴说,2件 作品
商康民,1件 作品
孔道辅,1件 作品
希白,1件 作品
廉布,1件 作品
张仲荀,1件 作品
张拭,1件 作品
张胜温,3件 作品
张训礼,1件 作品
张齐翰,1件 作品
戴泽,1件 作品
敦煌藏经洞,1件 作品
晁补之,1件 作品
晁说之,1件 作品
朱义,1件 作品
李仲宣,1件 作品
李大忠,2件 作品
李猷,1件 作品
李用及,1件 作品
汪鸿薰,1件 作品
沈子蕃,3件 作品
牟仲甫,1件 作品
理宗,1件 作品
盛师颜,1件 作品
秦少游,1件 作品
秦观,1件 作品
胡直天,1件 作品
艾宣,2件 作品
范安仁,1件 作品
董祥,1件 作品
贾师古,2件 作品
赵光义,1件 作品
赵善杠,1件 作品
赵宗汉,1件 作品
赵葵,1件 作品
郑大有,1件 作品
马贲,1件 作品
高凤,1件 作品
高文进,1件 作品
佚名周人,5件 作品
佚名商人,3件 作品
仓颉,2件 作品
佚名战国人,2件 作品
佚名秦人,1件 作品
李斯,1件 作品
佚名汉人,25件 作品
崔瑗,1件 作品
张芝,2件 作品
佚名三国人,18件 作品
皇象,1件 作品
钟繇,1件 作品
韦诞,2件 作品
佚名南北朝人,48件 作品
刘彧,1件 作品
敦煌壁画,24件 作品
杨子华,2件 作品
梁武帝,2件 作品
王筠,1件 作品
陆探微,2件 作品
顾野王,2件 作品
佚名晋人,3件 作品
刘伶,2件 作品
戴逵,1件 作品
旬勗,2件 作品
王洽,1件 作品
王献之,18件 作品
王珣,1件 作品
王羲之,57件 作品
索靖,2件 作品
谢安,1件 作品
郗超,1件 作品
陆机,2件 作品
顾恺之,6件 作品
从白,1件 作品
佚名唐人,238件 作品
写经,41件 作品
冯承素,2件 作品
刁光胤,2件 作品
包文该,1件 作品
卢楞伽,2件 作品
卢楞迦,1件 作品
卢鸿,3件 作品
史惟则,1件 作品
吴通,1件 作品
吴道子,9件 作品
周昉,13件 作品
国诠,2件 作品
孙位,3件 作品
孙虔礼,1件 作品
孙过庭,5件 作品
尉迟乙僧,2件 作品
崔元略,1件 作品
张万及,1件 作品
张旭,5件 作品
张璪,2件 作品
张祐,1件 作品
徐浩,2件 作品
怀仁,1件 作品
怀素,10件 作品
戴嵩,7件 作品
拓本,5件 作品
敦煌写经,1件 作品
敦煌壁画,337件 作品
敬客,1件 作品
智照,1件 作品
李元惠,2件 作品
李思训,8件 作品
李昭道,13件 作品
李白,1件 作品
李阳冰,2件 作品
李隆基,2件 作品
杜牧,1件 作品
杨升,3件 作品
杨昇,1件 作品
柳公权,10件 作品
梁令瓒,1件 作品
欧阳询,16件 作品
此山,1件 作品
王维,15件 作品
瞿令问,1件 作品
苏灵芝,1件 作品
范琼,3件 作品
范长寿,1件 作品
荣阳,1件 作品
萧敬,1件 作品
虞世南,5件 作品
褚遂良,18件 作品
贺知章,1件 作品
辛澄,1件 作品
边鸾,1件 作品
郭延瑾,1件 作品
钟绍京,7件 作品
阎立本,15件 作品
陆柬之,1件 作品
陈闳,1件 作品
陶訚,1件 作品
韩幹,9件 作品
韩滉,5件 作品
颜真卿,41件 作品
高闲,1件 作品
佚名隋人,11件 作品
展子虔,3件 作品
敦煌写经,1件 作品
智果,2件 作品
智永,5件 作品
李思贤,1件 作品
李邕,1件 作品
丘余庆,2件 作品
丘文播,1件 作品
佚名五代十国人,28件 作品
关仝,13件 作品
刘道士,1件 作品
卫贤,2件 作品
周文矩,22件 作品
巨然,24件 作品
张僧繇,2件 作品
徐熙,10件 作品
李坡,2件 作品
李昇,1件 作品
李昪,1件 作品
李煜,1件 作品
李赞华,1件 作品
杨凝式,4件 作品
滕昌祐,2件 作品
王齐翰,6件 作品
珪观,2件 作品
石恪,1件 作品
罗塞翁,1件 作品
胡虔,2件 作品
荆浩,11件 作品
董源,26件 作品
贯休,3件 作品
赵喦,3件 作品
赵干,2件 作品
赵幹,6件 作品
钟隐,1件 作品
阮郜,2件 作品
顾德谦,3件 作品
顾闳中,3件 作品
高文进,1件 作品
黃筌,1件 作品
黄筌,10件 作品
黄荃,1件 作品
佚名辽人,11件 作品
崔成朔,1件 作品
柴德基,2件 作品
胡瓌,2件 作品
萧瀜,1件 作品
任询,1件 作品
佚名金人,5件 作品
太古遗民,2件 作品
宫素然,1件 作品
张珪,1件 作品
张瑀,1件 作品
李山,5件 作品
李遹,2件 作品
杨世昌,2件 作品
杨微,1件 作品
杨邦基,1件 作品
武元直,4件 作品
赵秉文,1件 作品
赵霖,1件 作品
高焘,1件 作品
了庵清欲,1件 作品
仇远,2件 作品
任仁发,11件 作品
任康民,1件 作品
任贤佐,1件 作品
伯颜不花,1件 作品
余阙,2件 作品
佚名元人,352件 作品
俞俊,2件 作品
俞和,8件 作品
倪瓒,91件 作品
全真教道士,1件 作品
冯子振,2件 作品
刘善守,1件 作品
刘敏叔,1件 作品
刘继益,1件 作品
刘贯道,11件 作品
华祖立,1件 作品
卫九鼎,2件 作品
可翁,1件 作品
吴廷晖,1件 作品
吴廷辉,1件 作品
吴志淳,2件 作品
吴睿,1件 作品
吴致中,1件 作品
吴镇,49件 作品
周朗,1件 作品
周渊,1件 作品
唐棣,13件 作品
商琦,4件 作品
因陀罗,2件 作品
夏叔文,1件 作品
夏永,9件 作品
姚廷美,3件 作品
孙君泽,3件 作品
宇文公谅,1件 作品
崔彦辅,1件 作品
巴颜布哈,1件 作品
庄麟,1件 作品
康里巎巎,3件 作品
廖平,2件 作品
廖道南,1件 作品
张中,9件 作品
张可观,1件 作品
张奎,1件 作品
张彦辅,1件 作品
张渥,6件 作品
张舜咨,3件 作品
张观,1件 作品
张雨,10件 作品
徐泽,1件 作品
徐贲,1件 作品
戴淳,2件 作品
方从义,25件 作品
方厓,1件 作品
曹兴,1件 作品
曹善,1件 作品
曹知白,18件 作品
朱叔重,2件 作品
朱德润,11件 作品
朱泽民,1件 作品
朱玉,3件 作品
朱迁,1件 作品
李升,2件 作品
李士行,7件 作品
李孝光,1件 作品
李容瑾,2件 作品
李昭,2件 作品
李猷,1件 作品
李衎,11件 作品
杨维桢,3件 作品
杨维祯,3件 作品
林卷阿,1件 作品
林子奂,1件 作品
柯九思,15件 作品
楚石梵琦,1件 作品
檀芝瑞,4件 作品
欧阳玄,3件 作品
永乐宫壁画,3件 作品
江济川,1件 作品
沈孟坚,1件 作品
泰不华,1件 作品
温日观,1件 作品
王冕,7件 作品
王振鹏,24件 作品
王民,1件 作品
王民隶,1件 作品
王渊,35件 作品
王礼寔,1件 作品
王蒙,65件 作品
王迪简,1件 作品
盛懋,33件 作品
盛昌年,1件 作品
盛著,2件 作品
程棨,1件 作品
程钜夫,1件 作品
管道升,7件 作品
管道昇,3件 作品
罗稚川,4件 作品
耶律楚材,1件 作品
胡廷晖,2件 作品
良琦,1件 作品
萨都刺,2件 作品
葛淑英,1件 作品
蔡山,1件 作品
虞集,3件 作品
袁桷,1件 作品
谢伯诚,1件 作品
谢天游,1件 作品
谢庭芝,1件 作品
谢楚芳,1件 作品
赖庵,1件 作品
赵元,1件 作品
赵原,11件 作品
赵奕,1件 作品
赵孟吁,3件 作品
赵孟頫,228件 作品
赵孟頫  管道升,2件 作品
赵孟𫖯,1件 作品
赵希远,1件 作品
赵苍云,1件 作品
赵衷,1件 作品
赵雍,27件 作品
赵麟,2件 作品
边武,2件 作品
边鲁,2件 作品
迺贤,1件 作品
邓宇,1件 作品
邓文原,1件 作品
邹复雷,1件 作品
郑思肖,3件 作品
郑禧,2件 作品
郭敏,4件 作品
郭畀,2件 作品
释良琦,1件 作品
金黼,1件 作品
钱选,64件 作品
陆天如,1件 作品
陆广,8件 作品
陆继善,3件 作品
陆行直,1件 作品
陈修,1件 作品
陈及之,1件 作品
陈汝言,6件 作品
陈琳,6件 作品
陈立善,1件 作品
陈翔,1件 作品
陈贞,1件 作品
陈选,1件 作品
陈鉴如,1件 作品
陶复初,1件 作品
雪窗,2件 作品
顾安,7件 作品
顾超,1件 作品
颜辉,13件 作品
饶介,4件 作品
马琬,9件 作品
高克恭,21件 作品
高然晖,1件 作品
鲜于枢,12件 作品
黄公望,29件 作品
龚璛,1件 作品
丁云鹏,42件 作品
丁玉川,2件 作品
丁野夫,1件 作品
丰坊,3件 作品
于谦,2件 作品
仇珠,3件 作品
仇英,144件 作品
何浩,1件 作品
佚名明人,304件 作品
侯懋功,1件 作品
倪元璐,5件 作品
倪瑛,1件 作品
倪端,2件 作品
傅昆,1件 作品
关思,1件 作品
写经,2件 作品
冯可实,1件 作品
冯无咎,1件 作品
冯晓,1件 作品
冷谦,6件 作品
凌必正,1件 作品
刘世儒,2件 作品
刘仲贤,2件 作品
刘俊,6件 作品
刘原起,2件 作品
刘广,1件 作品
刘度,5件 作品
刘炤,2件 作品
刘珏,5件 作品
刘琰,1件 作品
刘节,1件 作品
刘麟,1件 作品
利玛窦,1件 作品
勾龙爽,1件 作品
卞文瑜,5件 作品
卢天如,1件 作品
卢朝阳,2件 作品
卢楞伽,1件 作品
史文,1件 作品
史端木,1件 作品
叶广,1件 作品
叶翥,1件 作品
吕文英,1件 作品
吕端浚,1件 作品
吕纪,47件 作品
吴令,2件 作品
吴伟,27件 作品
吴宽,5件 作品
吴彬,26件 作品
吴昌,1件 作品
吴湘,1件 作品
周之冕,23件 作品
周之芑,1件 作品
周亮工,1件 作品
周天球,6件 作品
周文靖,2件 作品
周臣,23件 作品
周蕃,1件 作品
周颠,1件 作品
周龙,3件 作品
唐寅,147件 作品
商喜,8件 作品
商祚,1件 作品
夏昶,15件 作品
夏昺,1件 作品
夏葵,1件 作品
姚绶,8件 作品
姜立纲,2件 作品
姜隐,2件 作品
娄坚,1件 作品
孔贞一,1件 作品
孙克弘,16件 作品
孙枝,8件 作品
孙璜,1件 作品
孙隆,1件 作品
孙龙,1件 作品
宋克,8件 作品
宋懋晋,2件 作品
宋旭,12件 作品
宋濂,1件 作品
寂住,1件 作品
尤求,9件 作品
居懋时,2件 作品
居节,4件 作品
屡空道人,1件 作品
崔子忠,6件 作品
张伦,1件 作品
张元举,1件 作品
张元士,1件 作品
张凤翼,1件 作品
张复,5件 作品
张宁,2件 作品
张宏,25件 作品
张弼,4件 作品
张灵,2件 作品
张献翼,4件 作品
张瑞图,18件 作品
张穆,2件 作品
张羽,2件 作品
张翀,5件 作品
张路,6件 作品
张鈇,2件 作品
张骏,1件 作品
张鸿,1件 作品
张鹏,1件 作品
张𫓧,2件 作品
彭年,2件 作品
徐兰,1件 作品
徐渭,20件 作品
徐端本,1件 作品
徐霖,3件 作品
志中,1件 作品
恽向,2件 作品
戴经,1件 作品
戴进,37件 作品
挠庵,1件 作品
文从简,5件 作品
文伯仁,30件 作品
文俶,7件 作品
文元善,1件 作品
文台,1件 作品
文喜,1件 作品
文嘉,22件 作品
文彭,11件 作品
文徵明,194件 作品
文震亨,2件 作品
文震孟,2件 作品
方以智,1件 作品
方孝孺,1件 作品
明宣宗,1件 作品
曹羲,1件 作品
曾鲸,4件 作品
朱之蕃,2件 作品
朱侃,2件 作品
朱受甫,1件 作品
朱增,1件 作品
朱大有,5件 作品
朱朗,3件 作品
朱由检,1件 作品
朱瞻基,27件 作品
朱端,5件 作品
朱竺,2件 作品
朱芾,1件 作品
朱见深,3件 作品
朱邦,2件 作品
李东阳,2件 作品
李因,4件 作品
李在,6件 作品
李士达,9件 作品
李日华,1件 作品
李永昌,1件 作品
李流芳,4件 作品
李贞,1件 作品
杜堇,12件 作品
杜大,1件 作品
杜大成,1件 作品
杜琼,5件 作品
来复,1件 作品
杨文骢,4件 作品
杨继盛,1件 作品
林山,1件 作品
林广,2件 作品
林良,14件 作品
林达,2件 作品
柳如是,1件 作品
柳隐,1件 作品
殷宏,1件 作品
汤焕,1件 作品
汪肇,2件 作品
沈俊,1件 作品
沈周,111件 作品
沈士充,11件 作品
沈宣,2件 作品
沈希远,1件 作品
沈度,10件 作品
沈时,1件 作品
沈粲,4件 作品
沈藻,2件 作品
沈贞,1件 作品
沈贞吉,1件 作品
法海寺壁画,10件 作品
洪度,1件 作品
温良,1件 作品
王世懋,1件 作品
王世昌,5件 作品
王中立,2件 作品
王右,1件 作品
王守仁,4件 作品
王守谦,1件 作品
王宠,35件 作品
王履,1件 作品
王应华,1件 作品
王式,1件 作品
王淑民,1件 作品
王穀祥,2件 作品
王穉登,3件 作品
王绂,25件 作品
王维烈,1件 作品
王肯堂,10件 作品
王良臣,1件 作品
王諤,1件 作品
王谔,4件 作品
王谦,1件 作品
王谷祥,2件 作品
王逢元,2件 作品
王鏊,2件 作品
王铎,35件 作品
王锡爵,2件 作品
王问,8件 作品
王骥德,1件 作品
田生璧,1件 作品
盛茂烨,7件 作品
盛颖,1件 作品
石锐,4件 作品
祁豸佳,1件 作品
祝允明,47件 作品
祝枝山,1件 作品
程仲坚,1件 作品
程嘉燧,3件 作品
童垲,1件 作品
米万锺,1件 作品
缪辅,1件 作品
肃贞太后,1件 作品
胡俨,1件 作品
胡正言,1件 作品
苏眉阳,1件 作品
范暹,2件 作品
莫是龙,3件 作品
董其昌,219件 作品
蒋乾,2件 作品
蒋守成,1件 作品
蒋嵩,6件 作品
蒋杰,1件 作品
蓝瑛,47件 作品
蔡世新,1件 作品
薛素素,1件 作品
薛近衮,1件 作品
袁尚统,5件 作品
解缙,1件 作品
计盛,1件 作品
许光祚,2件 作品
许初,2件 作品
谈志伊,3件 作品
谢时臣,20件 作品
谢环,2件 作品
赵寿,1件 作品
赵左,14件 作品
赵文俶,1件 作品
赵文淑,2件 作品
赵汝殷,1件 作品
赵洵,1件 作品
赵淇,1件 作品
丁观鹏,64件 作品
万上遴,1件 作品
万寿祺,1件 作品
上官周,2件 作品
上睿,3件 作品
世鉴,1件 作品
丘鉴,2件 作品
严信厚,1件 作品
严复,2件 作品
严宏滋,1件 作品
严载,1件 作品
乌苏达椿,1件 作品
乾隆,28件 作品
于敏中,8件 作品
于氏,2件 作品
介福,1件 作品
仲昭,1件 作品
任伯年,31件 作品
任熊,7件 作品
任薰,8件 作品
任预,1件 作品
任颐,2件 作品
伊秉绶,4件 作品
传綮,1件 作品
何焯,1件 作品
何绍基,6件 作品
何远,1件 作品
余曾三,3件 作品
余省,10件 作品
余穉,2件 作品
佚名清人,534件 作品
俞樾,5件 作品
俞笙,1件 作品
俞龄,1件 作品
倪璨,1件 作品
傅山,13件 作品
允禧,5件 作品
八大山人,1件 作品
关思亮,1件 作品
关槐,9件 作品
冒襄,1件 作品
冯宁,3件 作品
冯湜,1件 作品
冯箕,1件 作品
冯铨,6件 作品
冷枚,14件 作品
刘九德,2件 作品
刘亿,1件 作品
刘元慧,1件 作品
刘墉,11件 作品
刘宇,1件 作品
刘彦冲,1件 作品
刘恕,6件 作品
刘期侃,1件 作品
刘权之,1件 作品
刘绍邺,2件 作品
刘统勋,1件 作品
励宗万,4件 作品
劳之辩,1件 作品
华嵒,36件 作品
印谱,39件 作品
古夔,1件 作品
叶六隆,1件 作品
叶欣,5件 作品
叶澄,1件 作品
吕学,1件 作品
吕焕成,2件 作品
吴世昌,1件 作品
吴伟业,1件 作品
吴伯滔,1件 作品
吴历,18件 作品
吴嘉猷,1件 作品
吴大澂,1件 作品
吴宏,4件 作品
吴应贞,1件 作品
吴彦儒,1件 作品
吴昌硕,74件 作品
吴暻,1件 作品
吴桂,1件 作品
吴淑兰,1件 作品
吴焯,1件 作品
吴熙载,3件 作品
吴璋,2件 作品
吴章,1件 作品
吴舫,1件 作品
吴艮,1件 作品
吴让之,1件 作品
吴高增,1件 作品
周培春,1件 作品
周璕,2件 作品
周禧,8件 作品
周笠,1件 作品
周薡,1件 作品
周道,1件 作品
周闲,1件 作品
周颢,1件 作品
周鲲,10件 作品
味根老人,2件 作品
唐岱,18件 作品
唐炗,1件 作品
喻兰,2件 作品
团时根,1件 作品
奚冈,3件 作品
姚孟起,1件 作品
姚文瀚,19件 作品
姚文田,1件 作品
姚钟葆,1件 作品
姜宸英,3件 作品
孙基瑞,2件 作品
孙师昌,1件 作品
孙温,42件 作品
孙璜,1件 作品
孙祜,4件 作品
孙逸,1件 作品
孙钧,1件 作品
孙龙,1件 作品
宋思仁,1件 作品
宋骏业,1件 作品
尚小云,1件 作品
尤萃,1件 作品
居廉,7件 作品
屈兆麟,9件 作品
崔鹤,1件 作品
席夔,1件 作品
席璞,1件 作品
康有为,1件 作品
康涛,1件 作品
康熙,5件 作品
弘一,3件 作品
弘仁,29件 作品
弘历,1件 作品
弘旿,17件 作品
张为邦,3件 作品
张仲学,1件 作品
张伟,1件 作品
张伯龙,1件 作品
张宗苍,27件 作品
张崟,1件 作品
张庚仿,1件 作品
张廷彦,5件 作品
张廷玉,1件 作品
张廷珩,1件 作品
张恺,1件 作品
张成龙,1件 作品
张敔,2件 作品
张洽,1件 作品
张照,37件 作品
张熊,3件 作品
张若澄,14件 作品
张若霭,11件 作品
张英,1件 作品
张赐宁,1件 作品
张镐,2件 作品
张雨森,2件 作品
张风,2件 作品
张鹏翀,7件 作品
彭元瑞,7件 作品
徐冈,1件 作品
徐呈祥,1件 作品
徐扬,31件 作品
徐方,1件 作品
徐来琛,1件 作品
徐灿,1件 作品
徐玟,1件 作品
徐知常,1件 作品
德保,1件 作品
恽冰,2件 作品
恽寿平,90件 作品
慈禧,2件 作品
成亲王,1件 作品
戴临,1件 作品
戴均元,1件 作品
戴天瑞,2件 作品
戴思望,1件 作品
戴明说,2件 作品
戴本孝,5件 作品
戴洪,3件 作品
戴熙,3件 作品
戴苍,1件 作品
戴衢亨,5件 作品
改琦,4件 作品
文定,1件 作品
文鼎,2件 作品
方士庶,2件 作品
方婉仪,1件 作品
方琮,8件 作品
明俭,1件 作品
曹世模,1件 作品
曹夔音,2件 作品
曹文埴,14件 作品
曹松年,1件 作品
曹湛,1件 作品
曾国藩,1件 作品
曾懿,2件 作品
曾衍东,1件 作品
朱伦瀚,2件 作品
朱偁,2件 作品
朱宪章,1件 作品
朱岷,1件 作品
朱熊,1件 作品
朱耷,69件 作品
李世倬,9件 作品
李叔同,6件 作品
李善,1件 作品
李培雨,1件 作品
李孝,2件 作品
李寅,2件 作品
李希膺,1件 作品
李敬,1件 作品
李方膺,11件 作品
李汪度,1件 作品
李渔,1件 作品
李秉德,2件 作品
李鱓,21件 作品
李鳝,1件 作品
李鸿章,2件 作品
杜湘,1件 作品
杨伯润,1件 作品
杨大璧,1件 作品
杨大章,8件 作品
杨晋,5件 作品
杨逸,1件 作品
林则徐,1件 作品
林纾,2件 作品
林行,1件 作品
查士标,20件 作品
查继佐,1件 作品
柳堉,2件 作品
柳遇,1件 作品
査士标,1件 作品
格隆龙住,1件 作品
梁亯,2件 作品
梁同书,2件 作品
梁启超,1件 作品
梁国治,28件 作品
梁清标,1件 作品
梁诗正,7件 作品
梅清,9件 作品
樊圻,9件 作品
樊沂,1件 作品
樵谷,1件 作品
殳睿,1件 作品
殷奇,2件 作品
毛周,1件 作品
永琰,1件 作品
永瑆,2件 作品
永瑢,7件 作品
江介,1件 作品
江注,1件 作品
汤贻汾,1件 作品
汪中,1件 作品
汪之瑞,1件 作品
汪士慎,10件 作品
汪士鋐,1件 作品
汪承霈,8件 作品
汪昉,1件 作品
汪智,1件 作品
汪由敦,8件 作品
沈世杰,2件 作品
沈初,8件 作品
沈复,1件 作品
沈宗敬,5件 作品
沈宗骞,1件 作品
沈屺云,1件 作品
沈庆兰,3件 作品
沈振麟,9件 作品
沈源,7件 作品
沈苍,1件 作品
沈荃,11件 作品
沈蓉圃,1件 作品
沈铨,11件 作品
沈骧,1件 作品
沙青岩,1件 作品
浮世绘,1件 作品
清微道人韵香,1件 作品
清道人,1件 作品
渐江,1件 作品
溥毅斋,1件 作品
焦循,1件 作品
焦秉贞,8件 作品
爱新觉罗·旻宁,1件 作品
爱新觉罗·载淳,1件 作品
爱新觉罗允禧,1件 作品
爱新觉罗奕𫟡,1件 作品
爱新觉罗弘历,22件 作品
爱新觉罗弘旿,1件 作品
爱新觉罗永琪,1件 作品
爱新觉罗永琰,3件 作品
爱新觉罗永瑆,7件 作品
爱新觉罗永瑢,11件 作品
爱新觉罗永锡,3件 作品
爱新觉罗溥佺,3件 作品
爱新觉罗玄烨,4件 作品
爱新觉罗福临,1件 作品
爱新觉罗绵恩,2件 作品
牛石慧,1件 作品
王云,4件 作品
王代功,1件 作品
王光圻,1件 作品
王原祁,103件 作品
王图炳,7件 作品
王学浩,2件 作品
王宸,2件 作品
王幼学,1件 作品
王庭桢,1件 作品
王延格,1件 作品
王愫,2件 作品
王敬铭,4件 作品
王文治,3件 作品
王方岳,1件 作品
王无忝,2件 作品
王时敏,36件 作品
王时翼,1件 作品
王昱,1件 作品
王時敏,2件 作品
王杰,5件 作品
王槩,7件 作品
王武,12件 作品
王渔洋,1件 作品
王澍,20件 作品
王炳,5件 作品
王瓘,1件 作品
王盖,1件 作品
王素,1件 作品
王翚,89件 作品
王翬,1件 作品
王肇基,1件 作品
王致诚,2件 作品
王辰,1件 作品
王鉴,43件 作品
王铨,2件 作品
王闿运,1件 作品
王际华,4件 作品
王鸿绪,1件 作品
班达里沙,1件 作品
瞿大坤,2件 作品
石涛,91件 作品
石谿,1件 作品
石鼓文,1件 作品
祝昌,2件 作品
禹之鼎,11件 作品
秦瑞熙,1件 作品
程嗣立,1件 作品
程庚鹭,1件 作品
程式璲,1件 作品
程志道,1件 作品
程正揆,5件 作品
程淓,1件 作品
程琳,3件 作品
程邃,2件 作品
章太炎,1件 作品
章谷,1件 作品
章采,1件 作品
童衡,1件 作品
管希宁,1件 作品
管念慈,2件 作品
管镇泰,1件 作品
米汉雯,1件 作品
索绰络观保,2件 作品
纪昀,2件 作品
纪盷,2件 作品
绵亿,3件 作品
缦卿,1件 作品
罗可恒,1件 作品
罗可桓,1件 作品
罗牧,3件 作品
罗聘,20件 作品
翁同龢,1件 作品
翁方纲,1件 作品
翁雒,1件 作品
聂璜,1件 作品
胡九思,1件 作品
胡公寿,1件 作品
胡桂,4件 作品
胡湄,3件 作品
胡炳,1件 作品
胡璋,1件 作品
胡高望,1件 作品
胤禛,1件 作品
舒浩,1件 作品
艾启蒙,7件 作品
花蹊女史,1件 作品
范来宗,4件 作品
范松,1件 作品
范瑶,1件 作品
菩薩保,1件 作品
萧云从,11件 作品
萧晨,4件 作品
董教增,2件 作品
董诰,48件 作品
董邦达,95件 作品
蒋廷锡,36件 作品
蒋懋德,1件 作品
蒋溥,15件 作品
蒋蔼,1件 作品
蒲华,8件 作品
蓝孟,1件 作品
蓝涛,1件 作品
蓬樵,1件 作品
蔡世远,1件 作品
蔡嘉,2件 作品
蔡新,3件 作品
虚谷,9件 作品
虞沅,2件 作品
袁枚,2件 作品
袁江,12件 作品
袁瑛,2件 作品
袁耀,13件 作品
裘曰修,1件 作品
裘王氏,2件 作品
许佑,2件 作品
许良标,2件 作品
诸升,1件 作品
诸昇,1件 作品
谢墉,1件 作品
谢桢,1件 作品
谢荪,2件 作品
谢遂,7件 作品
谭钟麟,1件 作品
费丹旭,6件 作品
费以耕,1件 作品
贺清泰,4件 作品
贾全,2件 作品
赫奕,14件 作品
赫达资,2件 作品
赵之谦,15件 作品
赵晋昌,1件 作品
赵晓,1件 作品
赵澄,2件 作品
赵福,2件 作品
超揆,2件 作品
边寿民,5件 作品
达礼善,1件 作品
邓元举,2件 作品
邓石如,10件 作品
邹一桂,45件 作品
邹其左,1件 作品
邹喆,1件 作品
郎世宁,76件 作品
郑旼,2件 作品
郑板桥,31件 作品
郑簠,1件 作品
郭尚先,1件 作品
郭朝祚,1件 作品
郭炳文,1件 作品
都痴道人,1件 作品
金农,32件 作品
金士松,4件 作品
金廷标,27件 作品
金德瑛,2件 作品
金昆,1件 作品
金礼嬴,1件 作品
金简恭,1件 作品
钱与龄,1件 作品
钱书,1件 作品
钱大昕,1件 作品
钱慧安,1件 作品
钱杜,4件 作品
钱泳,4件 作品
钱熙,1件 作品
钱维乔,2件 作品
钱维城,44件 作品
钱载,4件 作品
钱陈群,1件 作品
铁保,1件 作品
闵贞,3件 作品
阙岚,1件 作品
阮元,4件 作品
陆恢,4件 作品
陆惠,1件 作品
陆汉,1件 作品
陆远,4件 作品
陆𤾡,1件 作品
陈九如,1件 作品
陈书,11件 作品
陈介祺,1件 作品
陈兆凤,1件 作品
陈卓,1件 作品
陈士俊,2件 作品
陈士倌,1件 作品
陈奕禧,3件 作品
陈字,1件 作品
陈崇光,1件 作品
陈撰,2件 作品
陈星,1件 作品
陈枚,13件 作品
陈璧,2件 作品
陈舒,3件 作品
陈衡恪,1件 作品
陈震岳,1件 作品
陈鸿寿,1件 作品
陶然,1件 作品
陶筠,1件 作品
雪庄,1件 作品
顾云臣,1件 作品
顾大申,1件 作品
顾天植,1件 作品
顾洛,2件 作品
顾瑛,2件 作品
顾皋,2件 作品
顾符稹,1件 作品
顾胤光,1件 作品
顾见龙,1件 作品
顾逵,1件 作品
顾铨,1件 作品
顾韶,1件 作品
顾鹤庆,1件 作品
马元驭,3件 作品
马咸,1件 作品
马荃,3件 作品
马负图,1件 作品
马逸,1件 作品
高其佩,30件 作品
高其峰,1件 作品
高凤翰,12件 作品
高士奇,1件 作品
高层云,2件 作品
高岑,5件 作品
高简,2件 作品
高翔,4件 作品
髡残,16件 作品
黄倬,1件 作品
黄养正,1件 作品
黄增,2件 作品
黄山寿,3件 作品
黄应谌,1件 作品
黄慎,24件 作品
黄易,2件 作品
黄本复,1件 作品
黄自元,3件 作品
黄钺,9件 作品
黄鼎,6件 作品
黎明,2件 作品
黎简,1件 作品
龙忻,1件 作品
龚贤,26件 作品
于非闇,25件 作品
何香凝,1件 作品
佚名近现代人,1件 作品
冯超然,3件 作品
吴冠中,41件 作品
吴徵,1件 作品
吴湖帆,9件 作品
周思聪,15件 作品
唐云,13件 作品
宝熙,1件 作品
弘一法师,2件 作品
张伯驹,1件 作品
张善孖,7件 作品
张大千,180件 作品
徐世昌,1件 作品
徐操,1件 作品
朱屺瞻,2件 作品
李石君,1件 作品
梁思成,40件 作品
殷伯衡,1件 作品
江寒汀,4件 作品
溥儒,32件 作品
王褆集,14件 作品
祁昆,2件 作品
程璋,4件 作品
萧俊贤,1件 作品
蔡铣,1件 作品
谭延闿,1件 作品
金城,3件 作品
陈半丁,7件 作品
陈树人,2件 作品
陶冷月,1件 作品
马一浮,1件 作品
马公愚,3件 作品
高剑父,2件 作品
黄宾虹,39件 作品
黄秋园,1件 作品
齐白石,42件 作品
乔木,2件 作品
于右任,13件 作品
亚明,5件 作品
何家英,35件 作品
何海霞,2件 作品
佚名当代人,57件 作品
傅抱石,33件 作品
关山月,20件 作品
关良,7件 作品
冯大中,3件 作品
冯建吴,1件 作品
冯长江,4件 作品
冷军,5件 作品
刘大为,4件 作品
刘奎龄,5件 作品
刘文西,2件 作品
刘旦宅,1件 作品
刘海粟,1件 作品
刘继卣,40件 作品
刘继彪,11件 作品
华三川,1件 作品
史国良,1件 作品
叶浅予,5件 作品
启功,9件 作品
吴作人,12件 作品
吴广,5件 作品
吴茀之,2件 作品
唐勇力,1件 作品
唐卡,15件 作品
唐坚,5件 作品
喻继高,4件 作品
圆霖,1件 作品
姚虞琴,1件 作品
姜福,1件 作品
宋文治,10件 作品
崔如琢,1件 作品
应野平,2件 作品
廖未林,1件 作品
张书旂,1件 作品
张大壮,2件 作品
张孝友,2件 作品
徐义生,1件 作品
徐悲鸿,62件 作品
徐鸿儒,1件 作品
惠英,1件 作品
戈荃,1件 作品
成克永,1件 作品
方增先,9件 作品
曹简楼,1件 作品
朱人冉,1件 作品
朱朴存,1件 作品
李友朋,12件 作品
李可染,107件 作品
李小可,6件 作品
李绍周,1件 作品
李苦禅,12件 作品
林散之,1件 作品
林曦明,2件 作品
林风眠,12件 作品
梅兰芳,1件 作品
樊浩霖,1件 作品
水桥,4件 作品
江永兴,1件 作品
汤哲明,1件 作品
沈尹默,7件 作品
沈柔坚,1件 作品
清江,1件 作品
潘天寿,6件 作品
王个簃,9件 作品
王伯敏,4件 作品
王季迁,1件 作品
王雪涛,5件 作品
田书翰,7件 作品
白雪石,6件 作品
石砚洗,1件 作品
程十发,23件 作品
童钟涛,1件 作品
胡佩衡,1件 作品
胡勃,1件 作品
胡永凯,8件 作品
苏绣,1件 作品
范保文,1件 作品
范曾,25件 作品
萧淑芳,1件 作品
董寿平,5件 作品
董希源,18件 作品
袁熙坤,1件 作品
谢之光,1件 作品
谢稚柳,6件 作品
费葆琪,1件 作品
贺天健,3件 作品
赖少其,2件 作品
赵古泥,1件 作品
赵少昂,2件 作品
赵成伟,1件 作品
赵望云,1件 作品
赵朴初,3件 作品
赵雪涛,1件 作品
邹利玉,1件 作品
郑午昌,2件 作品
郜宗远,1件 作品
金容镇,1件 作品
钱君陶,1件 作品
钱旭,2件 作品
钱松喦,16件 作品
钱痩铁,2件 作品
陆俨少,130件 作品
陆小曼,2件 作品
陆抑非,6件 作品
陆翰芹,2件 作品
陈之佛,2件 作品
陈佩秋,4件 作品
陈大羽,5件 作品
陈少梅,11件 作品
陈师曾,17件 作品
陈平,1件 作品
陈独秀,1件 作品
陈达,1件 作品
陈香梅,1件 作品
韦子钥,1件 作品
韩天衡,1件 作品
韩敏,1件 作品
韩美林,8件 作品
顾炳鑫,3件 作品
魏紫熙,1件 作品
黃君璧,1件 作品
黄幻吾,1件 作品
黄永玉,2件 作品
黄胄,23件 作品
